4e75a4fe9ce909fa62794f5a550a3409f6e0fc9f,18a17b643874e74f7486fe9e009066eba8a467cb
3afe8a4f97fdfc2728700108bb603a32cea764b3,7b0885d6057ab8adc98fa1add2f9dd9369b088a1
2dfc4641a431908fd760d99ca17f002599c771cf,eb867aebdfbe46a4ed82e1d21e6f1563165e0ecb
a5eac15e54a4f6e4aec8381b526a61c22fd0570f,8a65c97fa25c10cbfd09491b564473b650f1af68
c73ad54fad5021101bc414c739b741763f3fd49c,d69d434459a0cb8b6a872d08547ec923d4cc6292
8657bb65651149dce0c00ad32c46544e68315562,905f71cd065442d9a747d3f3910641d8ddd9054b
6831c80c585eb64be3a40fb61a55c6b4a9dab8c5,0f2e7fdcb13c55148761a188edc36ac7d1ada693
23aab51b5fd32526c67dd817168f38bf14fde122,aa4e7536786a4587a91e877241fddd46951a797d
bf7d620dbafc7954def23eab50f06cfd995cc9f6,9d3adf1f8411db1a6d851606684b699b529ead20
1e0a6a63aa6c6e604800cc0a7a33ecdde3a23f6b,139ff07e1e0dcf2d08680619b5b2caa835f527a1
c482cfee954ba4659bc86497fb65f64f96dcc98d,e4747223595109d7b080ffc7f32552f89ee0f10c
e3206c31dc765f8304c1a02ba4ec7b35ab213a9a,cd5616c403086345e66464e85f094de54d2ddadc
3a7c905e1cc634b7cea40f127f2d9975ce99b78e,a07c0b256f035b01e92c1bba257b8a438818cc37
45cab780121370ba3bd125ffcabfbf00a37cacc1,8aac587fb277772603da216f70a4a4492fc81f40
e7a8ec45a26e4af9297ad5694111436e43c0bd6a,ab5614a652fe0836b718aa29dcbf1e7ad2a36d01
7e48d6b7ff7804cdd165834ac2219b6df3da0715,f6751a1dc7c9221f3705b816458757468c60802a
5aa39a0daa1157fdc90f21708224cf54c108130b,d5c1d5ca1c63a48c716c8fd4787a2ffafdb5b6c6
3525115d0e190880bb56030580385fa9c3c70995,6502df9a8a94aa05ea3fe719107f66bb73410b05
9ad082f1b9edb66421c682545b9a35aa91e4d94c,e40bc9388ded1c8384328bdba38e48829e80f22d
6627d585280e443aa9d3eea1f9c61b15c3e788ae,88c3cef4aec781ee08ec00c314bb1561dcecfffc
1d31c220257f326479d5ee0ec27cdf3e3f29a5ff,34f8a4e88d25408edcf0bfc882aa534f002d46d1
23dd3bdac0937a1b1cf9e2feae1f0a8db7bb7749,d3003baf7b1c04862af57b5b9d8a349370ce315d
2ba73ec37408c09be10578a6b3a009d75e9408aa,4e95a831676d52a7eaed4fe82b3bac8f420fa8b3
1137832f08a9ee625e4a84e0cfa754a52858f778,189969949b8f303755acdddf063663fbbfbf2585
e354080cb9101c30b1bea7757ac4c6b210d1a2bd,9070fb1dbd9669c906a3476d021fa8ca76a976e9
8260ea2fc23a6141de5e1efca91a760bfebfa703,4df802b9c281a795a12d385d1bc0670d07d21d30
73d85c9d4e076ff2ce49749a2efe461cbbaece5d,bd7999fe946aedb29378432502b80758b3c29274
57d1431653e01969a0a136d7f847a63f81ea2daf,6f793899c685fa84d8a38a653734c3574cadea09
b41e7f2b0c75b922a9fa0d775ceee5d5607e5189,d7d2ea479114dfa8b2057c0d317896a80c810851
078753a9406f5e71730f7946df7ac8dcfa3a9d52,6cff594ac313ec060fb3977c48d1f95ab8fbcd32
334a3341c76609b0bd3d894406d1e43e53390cda,aad60907c984932817f24102ec4d15bce90276b9
9976890640e83d94f8dcbd10f2effeec6e8a1ce6,939a6ccf37b1fb0b456a10585bb5f6b8d5a0321b
5993b0b025a622eb2c38de24e78120dc0fe77c20,98a328eeefcb26f1eeefa2f0a36f9e9d1a30889e
f5fab2284517a3ac3fd1a41b82e2eb1322de84a8,ba88bb5dbc20d7da046fe4a4dd6df7f47bceba3c
5e6f04ed7ce40672169c4b6e0cfad8180ec985af,e6fe77bdbcf1726adb784c8c3d4c0ffca65dda0f
f00b3e16b1cbb52302f097b2ae0360ec8b140224,78c0f7aa3fea0c2299b4ded1c2c19fd8276be092
4305c77f264bbe5fb62ea9d333129998e04d37c7,81d83331517c4f3eebe0c1bf312904eb7322b00c
9950f275cfa5501e718715dfa987acffd52d5527,632c4d768d73466899f4d10c6c534b2359c2e029
ff83b23ed80d95d7adc8b90fd191a07e6872bf44,9d202c2b55729adae374c0cb3f1715a459816ae0
80dda66aa57276de6e3940c35e58e89d34d28721,44ee1b988de35fe5cf1b7c52ad74679b37e9518d
24508e323c2336c33d87ecf2786a46e0edb429ee,00fb34bc4d67a21aecab1f3ce8c7d10dc521ce5e
ab14d0d0eacc09da64d5c8061fa0890179cd79aa,561d0a1f698c2fc65dfc43047e55555b48dcbab4
2def4e8e01623a8e10a5a9b0395f37420466ccf7,91cca1ebeb92a829f0aabc1d37c036afa7afaf35
086cdd8aa51db965fae216fe6aecf8fda0e19432,9092302240a6e7132b4a427d7a3d884547c9b1e6
d0851c8462d2417d36b49f94169f658cbf38861b,bc28e7d850254fc34d1959b0783397707c93f38f
9927079d308d2876f50b92378ddffd4fb8d24981,c33a35b5ad215153068153dbad63f59eb0a2c987
75cce4131cea3a1b69eed4436caaf72ce50b9b11,b764d414bdd8c40ba7c7ba746ba98a9c8b66b33f
da8aa07d2b734cd270ea1b3fda6d5b461fc89591,8d407f2136b0572f89bd9107d9a525ae89cb3909
3d70edab931cde249220c78f4041287a415b2eb2,94001168f07b89d6b53c437555a8f59b16a7825f
c766f0715de7b6cfabe68ea357182f2cbd8d821d,270b1e848fc0ab66bd3b2730ef679e6f05d445e4
7cc963f676f083164eb0705d8479e17168835df5,017076c8f93fdc4e4dcf0b4dc7172b6f2c3ae4d1
9fd2ea36ee64c5a3beecf7cd0ef61fadf202fddf,cf473e7fab05a321d7f17dcb5f94b710d4ee1cc9
4268ed2187df70f6525582027dde4f55a8f49d91,2b74b62be18d02d62be41284efcae23a9ff4f19d
062d34276031fb0ee97689d0f25e071f6d072b54,c9f4193e4e7397a90c3c8b6b03022dc152d61343
c2f29917c974f19f4178e85e3b48dd057c316e69,e1672df2e5f15ce8dbf37a99cdf428da36beba08
fe1ad0b325b207d79208db416fab5aa2f9661105,51a339740a746516dc3f159d482df92fcd68c17a
a9a7e6018d2a94749c4f7213501fa061187fd62a,f58e87cc159417eaac903e8534b66ad35dd45929
a502d4d514c1864d2ba880551fad48ea4b858bad,d89c02104ecb8e60026fb9756e417f886ffa7bd3
cceaf7b91318627bea9ae5dca287716e971eb043,6465b8a180a767d1e52c1e85eb70b0f67633b5fe
c020a13a0c2c7963920ca17365f27fe6544fa0d9,9f55c9a06bc637a6a5f6b8ab0a1dd621da1f4455
d55ab1c7c63d94639d2ac238841321e50314b2f4,0f78fcdb4b2b616687181b11fd88abbdd85a2e2c
821317e8ad013b6417b50759f46ac8322c93eb17,efdd1c52001ecfb42d3a54b1fe3c0c36b2951a73
0ed3d7f5c11627f7cee79d23922d9fc56e8496c1,d69d0a790871ceb54276420e83b77513e17a3b18
af8600b31dfbaa46a6da4366a5486e5a2e0d641a,551d845e4b0df53620c21879c88a3c4bb0ae9f8f
d78cf107a9cdca8caf0c5a2933e358e60d3c1a9c,67fb165c2a187b0c649e366d6df9bf4242136195
2dcba3b40db5f029a20632c8b5813e6b2eb863a8,521bbc9ec117c40440572fc6b8ec5efcbed983bc
de9fb6d22c44d5a271324967a85a4062264d6c1c,27a973162e1b904873443dba8a2606757915e6b1
10bb1ca9f735e6abc885206c049506da49c3a96e,b7fd5ccd252289281d6c1ab67732561f9c82df47
ea7df7c04a9774ecb300f4e54684c54102fb9995,c55a6eedb03e661662b24d5e8b4711999a301e1f
d09b1f3c90f1a276d704c8454fe79e538baa3e57,a53e43e25cd43aea6679e629180a80b3ce4bc455
d9ca06ac84f1436aa420747e0b99a7c23f065db9,2957c8e9b1a0a9fad8b17101803ace2486faeb34
24b2d6d7f207941e782dfe9ceae08af6b2d2d24b,47160e6177342f2d8b9cac515a04be6ff3272bfe
2324afb51783149fddeccdf53f3b2d315c6857f8,a6e1c40586f7b0d7f26230ff924217598169a8c9
30ba59ff33e880065e99fa9be8d9c32b7dbd9f95,ae246643136d1ee1efa672495f742bcf5801b968
389b464cfd0cc453c614da283efc5fc1e1cfc970,3e26201d32172f160b68a2aa27688667d5a70db9
42c3e92b0519c99783777a4da41346192005dbb2,f36e84c6be3471d8202c9ccf4925f3830bd5d310
